{
    "EURUSD": [
        1.16017,
        0.0037,
        -0.32
    ],
    "GBPUSD": [
        1.30262,
        0.0054,
        -0.41
    ],
    "AUDUSD": [
        0.7228,
        0.0022,
        0.31
    ],
    "NZDUSD": [
        0.6608,
        0.0009,
        -0.14
    ],
    "USDJPY": [
        113.69,
        0.327,
        0.29
    ],
    "USDCNY": [
        6.85823,
        0.029,
        -0.42
    ],
    "USDCHF": [
        0.98085,
        0.0038,
        0.38
    ],
    "USDCAD": [
        1.29055,
        0.0135,
        -1.03
    ],
    "USDMXN": [
        18.7047,
        0.0791,
        -0.42
    ],
    "USDINR": [
        72.54,
        0.02,
        -0.03
    ],
    "USDBRL": [
        4.0503,
        0.0383,
        0.95
    ],
    "USDRUB": [
        65.5175,
        0.0765,
        -0.12
    ],
    "US Dollar": [
        95.18,
        0.286,
        0.3
    ],
    "BTCUSD": [
        6557.74,
        124,
        -1.85
    ],
    "Dow Jones": [
        26462,
        23,
        0.09
    ],
    "S&P 500": [
        2914,
        0,
        0.01
    ],
    "NASDAQ 100": [
        7629,
        0,
        0
    ],
    "NIKKEI 225": [
        24120,
        323,
        1.36
    ],
    "FTSE 100": [
        7502,
        43,
        -0.56
    ],
    "DAX": [
        12228,
        206,
        -1.66
    ],
    "CAC 40": [
        5484,
        53,
        -0.96
    ],
    "FTSE MIB": [
        20712,
        799,
        -3.72
    ],
    "IBEX 35": [
        9357,
        164,
        -1.72
    ],
    "ASX 200": [
        6223,
        43,
        0.7
    ],
    "SHANGHAI": [
        2821,
        30,
        1.06
    ],
    "SENSEX": [
        36227,
        97,
        -0.27
    ],
    "MICEX": [
        2475,
        1,
        0.03
    ],
    "TSX": [
        16073,
        131,
        -0.81
    ],
    "US": [
        3.056,
        0.001,
        0
    ],
    "UK": [
        1.57,
        0.069,
        0.07
    ],
    "Japan": [
        4872,
        1,
        0.7,
        -0.1,
        1.3,
        2.4,
        -4.5,
        253,
        4.02,
        113.69,
        126.71
    ],
    "Germany": [
        3677,
        2,
        0.5,
        0,
        2.3,
        3.4,
        1.3,
        64.1,
        8,
        1.16,
        82.85
    ],
    "China": [
        12238,
        6.7,
        1.8,
        4.35,
        2.3,
        3.83,
        -3.5,
        47.6,
        1.3,
        6.86,
        1390.08
    ],
    "Italy": [
        1935,
        1.2,
        0.2,
        0,
        1.5,
        10.4,
        -2.3,
        131.8,
        2.8,
        1.16,
        60.48
    ],
    "Belgium": [
        493,
        1.4,
        0.4,
        0,
        2.35,
        6.2,
        -1,
        103.1,
        -0.2,
        1.16,
        11.41
    ],
    "Russia": [
        1578,
        1.9,
        0.85,
        7.5,
        3.1,
        4.6,
        -1.5,
        12.6,
        2.2,
        65.52,
        146.88
    ],
    "Poland": [
        525,
        5.1,
        1,
        1.5,
        2,
        5.8,
        -1.7,
        50.6,
        0.3,
        3.68,
        37.98
    ],
    "South Korea": [
        1531,
        2.8,
        0.6,
        1.5,
        1.4,
        4.2,
        -2,
        38,
        5.6,
        1110.58,
        51.45
    ],
    "Switzerland": [
        679,
        3.4,
        0.7,
        -0.75,
        1.2,
        2.4,
        1.2,
        29.7,
        9.8,
        0.98,
        8.48
    ],
    "Sweden": [
        538,
        2.5,
        0.8,
        -0.5,
        2,
        6.1,
        1.3,
        40.6,
        3.2,
        8.87,
        10.12
    ],
    "Norway": [
        399,
        3.3,
        0.4,
        0.75,
        3.4,
        4,
        4.4,
        36.2,
        5.7,
        8.14,
        5.3
    ],
    "India": [
        2597,
        8.2,
        1.9,
        6.5,
        3.69,
        3.52,
        -3.53,
        68.7,
        -1.9,
        72.54,
        1283.6
    ],
    "Crude Oil": [
        73.627,
        1.44,
        2
    ],
    "Brent": [
        82.5195,
        1.04,
        1.27
    ],
    "Natural gas": [
        3.0043,
        0.05,
        -1.69
    ],
    "Gasoline": [
        2.0891,
        0.01,
        0.32
    ],
    "Heating oil": [
        2.3499,
        0.03,
        1.24
    ],
    "Gold": [
        1192,
        9.58,
        0.81
    ],
    "Silver": [
        14.6533,
        0.45,
        3.19
    ],
    "Copper": [
        2.7805,
        0.02,
        0.76
    ],
    "Soybeans": [
        844.9655,
        10.75,
        -1.26
    ],
    "Live Cattle": [
        113.7046,
        0.4,
        0.35
    ],
    "Wheat": [
        509.7526,
        2.5,
        -0.49
    ],
    "Cotton": [
        76.76,
        1.36,
        -1.74
    ],
    "Rice": [
        9.7709,
        0.02,
        -0.2
    ],
    "Nickel": [
        12507,
        33,
        0.26
    ],
    "United States": [
        19391,
        2.9,
        4.2,
        2.25,
        2.7,
        3.9,
        -3.5,
        105.4,
        -2.4,
        95.18,
        325.72
    ],
    "Euro Area": [
        12590,
        2.1,
        0.4,
        0,
        2.1,
        8.2,
        -0.9,
        86.7,
        3.5,
        1.16,
        340.72
    ],
    "United Kingdom": [
        2622,
        1.2,
        0.4,
        0.75,
        2.7,
        4,
        -2.3,
        85.3,
        -4.1,
        1.3,
        66.19
    ],
    "France": [
        2583,
        1.7,
        0.2,
        0,
        2.2,
        9.1,
        -2.6,
        97,
        -0.8,
        1.16,
        67.19
    ],
    "Brazil": [
        2056,
        1,
        0.2,
        6.5,
        4.19,
        12.1,
        -7.8,
        74.04,
        -0.48,
        4.05,
        207.66
    ],
    "Canada": [
        1653,
        1.9,
        0.7,
        1.5,
        2.8,
        6,
        -0.9,
        89.6,
        -3,
        1.29,
        36.96
    ],
    "Australia": [
        1323,
        3.4,
        0.9,
        1.5,
        2.1,
        5.3,
        -1.9,
        41.9,
        -3.1,
        0.72,
        24.7
    ],
    "Spain": [
        1311,
        2.5,
        0.6,
        0,
        2.2,
        15.3,
        -3.1,
        98.3,
        1.9,
        1.16,
        46.66
    ],
    "Mexico": [
        1150,
        2.6,
        -0.2,
        7.75,
        4.9,
        3.5,
        -2.9,
        46.4,
        -1.6,
        18.7,
        123.52
    ],
    "Indonesia": [
        1016,
        5.27,
        4.21,
        5.75,
        3.2,
        5.13,
        -2.5,
        28.7,
        -1.7,
        14900,
        261.9
    ],
    "Turkey": [
        851,
        5.2,
        0.9,
        24,
        17.9,
        10.2,
        -1.5,
        28.3,
        -5.5,
        5.98,
        80.81
    ],
    "Netherlands": [
        826,
        3.1,
        0.8,
        0,
        2.3,
        3.9,
        1.1,
        56.7,
        10.2,
        1.16,
        17.12
    ],
    "Saudi Arabia": [
        684,
        1.15,
        -0.05,
        2.75,
        2.2,
        6.1,
        -8.9,
        17.2,
        2.2,
        3.75,
        32.61
    ],
    "Argentina": [
        638,
        -4.2,
        -4,
        60,
        34.4,
        9.6,
        -3.9,
        57.1,
        -4.8,
        40.97,
        44.05
    ],
    "Taiwan": [
        579,
        3.3,
        0.8,
        1.38,
        1.53,
        3.69,
        -1.4,
        31.2,
        14.7,
        30.45,
        23.57
    ],
    "Venezuela": [
        482,
        -13.2,
        6.8,
        20.56,
        200000,
        7.3,
        -20,
        23,
        2,
        248520.9,
        31.43
    ],
    "Thailand": [
        455,
        4.6,
        1,
        1.5,
        1.62,
        1,
        -2.7,
        41.8,
        10.6,
        32.32,
        66.19
    ],
    "Iran": [
        440,
        2.7
    ],