{
    "guilds-of-ravnica-guild-kits": 62.964000000000006,
    "guilds-of-ravnica": 159.40800000000002,
    "commander-2018": 177.228,
    "core-set-2019": 133.542,
    "global-series-jiang-yanggu-and-mu-yanling": 93.042,
    "battlebond": 155.412,
    "commander-anthology-volume-ii": 291.11400000000003,
    "dominaria": 120.312,
    "duel-decks-elves-vs-inventors": 120.906,
    "rivals-of-ixalan": 122.04,
    "unstable": 188.676,
    "duel-decks-merfolk-vs-goblins": 91.04399999999998,
    "ixalan": 126.73800000000001,
    "commander-2017": 317.08799999999997,
    "hour-of-devastation": 77.868,
    "archenemy-nicol-bolas": 152.82,
    "commander-anthology": 355.42800000000005,
    "amonkhet": 77.49000000000001,
    "duel-decks-mind-vs-might": 159.67799999999997,
    "planechase-anthology": 265.95,
    "commander-2016": 376.92,
    "kaladesh": 58.914,
    "duel-decks-nissa-vs-ob-nixilis": 131.436,
    "shadows-over-innistrad": 77.22000000000001,
    "duel-decks-blessed-vs-cursed": 118.908,
    "battle-for-zendikar": 67.014,
    "duel-decks-zendikar-vs-eldrazi": 151.362,
    "magic-origins": 89.154,
    "dragons-of-tarkir": 104.976,
    "duel-decks-elspeth-vs-kiora": 119.39399999999998,
    "fate-reforged": 84.456,
    "duel-decks-anthology": 382.0500000000001,
    "khans-of-tarkir": 105.462,
    "magic-2015-m15": 112.212,
    "theros": 94.716,
    "return-to-ravnica": 120.312,
    "scars-of-mirrodin": 266.81399999999996,
    "magic-2011-m11": 235.27800000000002,
    "rise-of-the-eldrazi": 274.374,
    "zendikar": 391.4459999999999,
    "magic-2010-m10": 178.95600000000002,
    "shards-of-alara": 176.688,
    "magic-2014-m14": 110.97000000000001,
    "magic-2013-m13": 124.956,
    "avacyn-restored": 179.49599999999998,
    "innistrad": 201.69,
    "mirrodin-besieged": 183.924,
    "commander": 366.984,
    "magic-modern-event-deck": 977.7780000000001,
    "duel-decks-speed-vs-cunning": 116.80199999999999,
    "duel-decks-jace-vs-vraska": 117.666,
    "duel-decks-heroes-vs-monsters": 95.09400000000001,
    "duel-decks-sorin-vs-tibalt": 184.41000000000003,
    "duel-decks-izzet-vs-golgari": 235.76400000000007,
    "duel-decks-venser-vs-koth": 277.614,
    "duel-decks-elspeth-vs-tezzeret": 296.89200000000005,
    "duel-decks-phyrexia-vs-the-coalition": 201.58200000000002,
    "duel-decks-divine-vs-demonic": 382.59000000000003,
    "duel-decks-jace-vs-chandra": 472.06800000000004,
    "premium-deck-series-slivers": 758.7540000000001
}